{"cameraMode":{"drawMode":0,"name":"Shaded","section":"Shading Mode"},"sceneLighting":true,"audioPlay":false,"sceneViewState":{"showFog":true,"showMaterialUpdate":false,"showSkybox":true,"showFlares":true,"showImageEffects":true,"showParticleSystems":true},"in2DMode":false,"pivot":{"x":3.3833205699920656,"y":1.098663568496704,"z":-2.929089069366455},"rotation":{"x":-0.274422824382782,"y":0.3959237337112427,"z":-0.12503385543823243,"w":-0.8674351572990418},"size":3.6353492736816408,"orthographic":false}