{"cameraMode":{"drawMode":0,"name":"Shaded","section":"Shading Mode"},"sceneLighting":true,"audioPlay":false,"sceneViewState":{"showFog":true,"showMaterialUpdate":false,"showSkybox":true,"showFlares":true,"showImageEffects":true,"showParticleSystems":true},"in2DMode":false,"pivot":{"x":2.6949143409729006,"y":1.2282029390335084,"z":-2.622990369796753},"rotation":{"x":-0.3108040690422058,"y":0.41740211844444277,"z":-0.15423013269901277,"w":-0.8399537205696106},"size":4.457461357116699,"orthographic":false}