{"cameraMode":{"drawMode":0,"name":"Shaded","section":"Shading Mode"},"sceneLighting":true,"audioPlay":false,"sceneViewState":{"showFog":true,"showMaterialUpdate":false,"showSkybox":true,"showFlares":true,"showImageEffects":true,"showParticleSystems":true},"in2DMode":false,"pivot":{"x":3.227329969406128,"y":1.1862478256225587,"z":-3.0200867652893068},"rotation":{"x":-0.3332935571670532,"y":0.5479038953781128,"z":-0.25166574120521548,"w":-0.7249264121055603},"size":4.554720878601074,"orthographic":false}