{"cameraMode":{"drawMode":0,"name":"Shaded","section":"Shading Mode"},"sceneLighting":true,"audioPlay":false,"sceneViewState":{"showFog":true,"showMaterialUpdate":false,"showSkybox":true,"showFlares":true,"showImageEffects":true,"showParticleSystems":true},"in2DMode":false,"pivot":{"x":3.227329969406128,"y":1.1862478256225587,"z":-3.0200867652893068},"rotation":{"x":-0.38533854484558108,"y":0.5365519523620606,"z":-0.3002113401889801,"w":-0.6882070899009705},"size":4.554720878601074,"orthographic":false}