{"cameraMode":{"drawMode":0,"name":"Shaded","section":"Shading Mode"},"sceneLighting":true,"audioPlay":false,"sceneViewState":{"showFog":true,"showMaterialUpdate":false,"showSkybox":true,"showFlares":true,"showImageEffects":true,"showParticleSystems":true},"in2DMode":false,"pivot":{"x":3.3150758743286135,"y":1.3451156616210938,"z":-2.3026576042175295},"rotation":{"x":-0.02454284206032753,"y":0.9748069047927856,"z":-0.17616862058639527,"w":-0.13504226505756379},"size":1.9531829357147217,"orthographic":false}