{"cameraMode":{"drawMode":0,"name":"Shaded","section":"Shading Mode"},"sceneLighting":true,"audioPlay":false,"sceneViewState":{"showFog":true,"showMaterialUpdate":false,"showSkybox":true,"showFlares":true,"showImageEffects":true,"showParticleSystems":true},"in2DMode":false,"pivot":{"x":6.525692939758301,"y":9.712374687194825,"z":9.354011535644532},"rotation":{"x":-0.16774022579193116,"y":0.2803042232990265,"z":-0.049597080796957019,"w":-0.9439144730567932},"size":55.3496208190918,"orthographic":false}