{"cameraMode":{"drawMode":0,"name":"Shaded","section":"Shading Mode"},"sceneLighting":true,"audioPlay":false,"sceneViewState":{"showFog":true,"showMaterialUpdate":false,"showSkybox":true,"showFlares":true,"showImageEffects":true,"showParticleSystems":true},"in2DMode":false,"pivot":{"x":2.5775835514068605,"y":1.0681519508361817,"z":-2.9069066047668459},"rotation":{"x":-0.2738685607910156,"y":0.5452030897140503,"z":-0.19411742687225343,"w":-0.7682445645332336},"size":4.457461357116699,"orthographic":false}