{"cameraMode":{"drawMode":0,"name":"Shaded","section":"Shading Mode"},"sceneLighting":true,"audioPlay":false,"sceneViewState":{"showFog":true,"showMaterialUpdate":false,"showSkybox":true,"showFlares":true,"showImageEffects":true,"showParticleSystems":true},"in2DMode":false,"pivot":{"x":3.227141857147217,"y":1.2350795269012452,"z":-2.90974497795105},"rotation":{"x":-0.252786785364151,"y":0.6429187655448914,"z":-0.23767150938510896,"w":-0.6829506754875183},"size":4.245344161987305,"orthographic":false}