{"cameraMode":{"drawMode":0,"name":"Shaded","section":"Shading Mode"},"sceneLighting":true,"audioPlay":false,"sceneViewState":{"showFog":true,"showMaterialUpdate":false,"showSkybox":true,"showFlares":true,"showImageEffects":true,"showParticleSystems":true},"in2DMode":false,"pivot":{"x":3.227329969406128,"y":0.9488692283630371,"z":-3.0200867652893068},"rotation":{"x":-0.3636634945869446,"y":0.538552463054657,"z":-0.27635782957077029,"w":-0.7081424593925476},"size":5.0888800621032719,"orthographic":false}