{"cameraMode":{"drawMode":0,"name":"Shaded","section":"Shading Mode"},"sceneLighting":true,"audioPlay":false,"sceneViewState":{"showFog":true,"showMaterialUpdate":false,"showSkybox":true,"showFlares":true,"showImageEffects":true,"showParticleSystems":true},"in2DMode":false,"pivot":{"x":3.4498414993286135,"y":1.1849393844604493,"z":-2.2042016983032228},"rotation":{"x":-0.4041781723499298,"y":0.5256829261779785,"z":-0.3119717538356781,"w":-0.6805232763290405},"size":10.222153663635254,"orthographic":false}