{"cameraMode":{"drawMode":0,"name":"Shaded","section":"Shading Mode"},"sceneLighting":true,"audioPlay":false,"sceneViewState":{"showFog":true,"showMaterialUpdate":false,"showSkybox":true,"showFlares":true,"showImageEffects":true,"showParticleSystems":true},"in2DMode":false,"pivot":{"x":3.227329969406128,"y":0.9488692283630371,"z":-3.0200867652893068},"rotation":{"x":-0.2854873239994049,"y":0.5495947599411011,"z":-0.20691731572151185,"w":-0.7574663162231445},"size":5.0888800621032719,"orthographic":false}