{"cameraMode":{"drawMode":0,"name":"Shaded","section":"Shading Mode"},"sceneLighting":true,"audioPlay":false,"sceneViewState":{"showFog":true,"showMaterialUpdate":false,"showSkybox":true,"showFlares":true,"showImageEffects":true,"showParticleSystems":true},"in2DMode":false,"pivot":{"x":3.227329969406128,"y":0.9488692283630371,"z":-3.0200867652893068},"rotation":{"x":-0.3188561797142029,"y":0.5129043459892273,"z":-0.2126704752445221,"w":-0.7682178616523743},"size":5.0888800621032719,"orthographic":false}